{
	"credit": "Made with Blockbench",
	"texture_size": [32, 32],
	"textures": {
		"0": "block/custom/hp-monitor",
		"particle": "block/custom/hp-monitor"
	},
	"elements": [
		{
			"from": [-4, 4, 3],
			"to": [20, 19, 3.25],
			"faces": {
				"north": {"uv": [0.26389, 0.35417, 7.98611, 4.79167], "texture": "#0"},
				"east": {"uv": [9.56944, 8.59722, 9.81944, 12.34722], "texture": "#0"},
				"south": {"uv": [8.13889, 0.39583, 15.52778, 4.68056], "texture": "#0"},
				"west": {"uv": [9.25, 8.40972, 9.5, 12.15972], "texture": "#0"},
				"up": {"uv": [8.88889, 9.89583, 9.875, 9.59028], "texture": "#0"},
				"down": {"uv": [9.21528, 8.72917, 10.01389, 8.96528], "texture": "#0"}
			}
		},
		{
			"from": [7.25, 0.25, 3.25],
			"to": [8.75, 9.25, 5.25],
			"faces": {
				"north": {"uv": [9.52083, 9.17361, 10.02083, 11.67361], "texture": "#0"},
				"east": {"uv": [9.36111, 9.14583, 9.86111, 11.64583], "texture": "#0"},
				"south": {"uv": [9.42361, 8.99306, 9.92361, 11.49306], "texture": "#0"},
				"west": {"uv": [9.39583, 9.17361, 9.89583, 11.67361], "texture": "#0"},
				"up": {"uv": [9.54861, 8.83333, 10.04861, 11.33333], "texture": "#0"},
				"down": {"uv": [0, 0, 0.5, 2.5], "texture": "#0"}
			}
		},
		{
			"from": [3.5, 0, 0.5],
			"to": [12.5, 0.25, 6.5],
			"faces": {
				"north": {"uv": [0, 0, 1.25, 0.0625], "texture": "#0"},
				"east": {"uv": [9.13194, 10.52778, 10.38194, 10.59028], "texture": "#0"},
				"south": {"uv": [8.79167, 8.53472, 10.04167, 8.59722], "texture": "#0"},
				"west": {"uv": [0, 0, 1.25, 0.0625], "texture": "#0"},
				"up": {"uv": [8.65972, 9.36111, 10.11111, 9.93056], "texture": "#0"},
				"down": {"uv": [0, 0, 1.25, 0.0625], "texture": "#0"}
			}
		}
	],
	"display": {
		"thirdperson_righthand": {
			"rotation": [42, 0, 0],
			"translation": [0.25, -0.75, 3.25],
			"scale": [0.69, 0.69, 0.69]
		},
		"thirdperson_lefthand": {
			"rotation": [33, 0, 0],
			"translation": [0, -3.5, 0.75],
			"scale": [0.69, 0.69, 0.69]
		},
		"firstperson_righthand": {
			"rotation": [0, 180, 0],
			"translation": [0, 0, -4.75],
			"scale": [0.64, 0.64, 0.64]
		},
		"firstperson_lefthand": {
			"scale": [0.58, 0.58, 0.58]
		},
		"ground": {
			"translation": [0, 5.5, 0]
		},
		"gui": {
			"scale": [0.59, 0.59, 0.59]
		},
		"head": {
			"translation": [0, 17, 6.25],
			"scale": [1.28, 1.28, 1.28]
		},
		"fixed": {
			"rotation": [-90, 0, 0],
			"translation": [0, 7, -16],
			"scale": [2, 2, 2]
		}
	}
}